MarkerID,Marker No.,Title,Subtitle,Add'l Subtitle,Year Erected,Erected By,Latitude (minus=S),Longitude (minus=W),Street Address,City or Town,Section or Quarter,County or Parish,State or Prov.,Zip or Postal Code,Location,Missing,Link,First Published,Last Update
22004,,Camden Point Veterans' Marker,,,2009,Citizens of Camden Point and surrounding areas,39.45337,-94.75620,,Camden Point,,Platte County,Missouri,64018,"It is on County Road E 0.1 miles Interurban Road, on the right when traveling east.",,https://www.hmdb.org/m.asp?m=22004,8/30/2009,8/30/2009
40986,,John H. Dillingham,,,,Platte County Historical Society,39.28176,-94.83145,108 Main Street,Farley,,Platte County,Missouri,64028,"It is on Main Street, on the right when traveling north. ",,https://www.hmdb.org/m.asp?m=40986,3/18/2011,6/6/2022
43178,T2 [32],Airport History,,,,Kansas City International Airport,39.31451,-94.70108,,Kansas City,,Platte County,Missouri,64153,It can be reached from North Winan Avenue. ,,https://www.hmdb.org/m.asp?m=43178,6/6/2011,11/23/2024
43179,A1,The Pony Express,,,,Kansas City International Airport,39.31462,-94.69751,,Kansas City,,Platte County,Missouri,64153,It can be reached from Amman Drive. ,,https://www.hmdb.org/m.asp?m=43179,6/6/2011,6/18/2022
43181,A2,Aromatherapy,,,,Kansas City International Airport,39.31382,-94.69751,,Kansas City,,Platte County,Missouri,64153,It can be reached from no nearby street. ,,https://www.hmdb.org/m.asp?m=43181,6/6/2011,6/11/2022
43182,A3,KC Art Deco,,,,Kansas City International Airport,39.31335,-94.69584,,Kansas City,,Platte County,Missouri,64153,It can be reached from no nearby street. ,,https://www.hmdb.org/m.asp?m=43182,6/6/2011,6/14/2022
43183,A4,Satchel Paige,,,,Kansas City International Airport,39.31348,-94.69461,,Kansas City,,Platte County,Missouri,64153,It can be reached from no nearby street. ,,https://www.hmdb.org/m.asp?m=43183,6/6/2011,6/14/2011
43184,A5,The Stockyards,,,,Kansas City International Airport,39.31443,-94.69461,,Kansas City,,Platte County,Missouri,64153,It can be reached from North Winan Avenue. ,,https://www.hmdb.org/m.asp?m=43184,6/6/2011,6/18/2022
43186,A6,Shoe Parties,,,,Kansas City International Airport,39.31461,-94.69584,,Kansas City,,Platte County,Missouri,64153,It can be reached from no nearby street. ,,https://www.hmdb.org/m.asp?m=43186,6/6/2011,6/18/2022
43188,B2,The Liberty Memorial,,,,Kansas City International Airport,39.31566,-94.70364,,Kansas City,,Platte County,Missouri,64153,It can be reached from Beijing Drive. ,,https://www.hmdb.org/m.asp?m=43188,6/6/2011,12/14/2025
43189,B3,Happy Trails,,,,Kansas City International Airport,39.31567,-94.70463,,Kansas City,,Platte County,Missouri,64153,It can be reached from Beijing Drive. ,,https://www.hmdb.org/m.asp?m=43189,6/6/2011,6/13/2022
43190,B4,The Country Club Plaza,,,,Kansas City International Airport,39.31472,-94.70542,,Kansas City,,Platte County,Missouri,64153,It can be reached from Tel Aviv Avenue. ,,https://www.hmdb.org/m.asp?m=43190,6/6/2011,5/9/2025
43193,B5,Hale: The Firepole,,,,Kansas City International Airport,39.31471,-94.70402,,Kansas City,,Platte County,Missouri,64153,It can be reached from no nearby street. ,,https://www.hmdb.org/m.asp?m=43193,6/6/2011,6/12/2022
43194,B6,Home of BBQ,,,,Kansas City International Airport,39.31370,-94.70402,,Kansas City,,Platte County,Missouri,64153,It can be reached from no nearby street. ,,https://www.hmdb.org/m.asp?m=43194,6/6/2011,12/17/2024
43195,B7,Mouse Tale,,,,Kansas City International Airport,39.31371,-94.70543,,Kansas City,,Platte County,Missouri,64153,It can be reached from Beijing Drive. ,,https://www.hmdb.org/m.asp?m=43195,6/6/2011,6/14/2022
43196,B8,The American Royal,,,,Kansas City International Airport,39.31244,-94.70544,,Kansas City,,Platte County,Missouri,64153,It can be reached from no nearby street. ,,https://www.hmdb.org/m.asp?m=43196,6/6/2011,6/18/2022
43197,B9,Football Fever,,,,Kansas City International Airport,39.31244,-94.70389,,Kansas City,,Platte County,Missouri,64153,It can be reached from Beijing Drive. ,,https://www.hmdb.org/m.asp?m=43197,6/7/2011,6/12/2022
43199,B10,Rail Center,,,,Kansas City International Airport,39.31243,-94.70282,,Kansas City,,Platte County,Missouri,64153,It can be reached from Beijing Drive. ,,https://www.hmdb.org/m.asp?m=43199,6/7/2011,6/16/2022
43200,B11,Art and Soul,,,,Kansas City International Airport,39.31306,-94.70262,,Kansas City,,Platte County,Missouri,64153,It can be reached from no nearby street. ,,https://www.hmdb.org/m.asp?m=43200,6/7/2011,6/12/2022
43203,B13,Atkins Gift,,,,Kansas City International Airport,39.31466,-94.70261,,Kansas City,,Platte County,Missouri,64153,It can be reached from no nearby street. ,,https://www.hmdb.org/m.asp?m=43203,6/7/2011,6/12/2022
43224,C2,All That Jazz,,,,Kansas City International Airport,39.31616,-94.69752,,Kansas City,,Platte County,Missouri,64153,It can be reached from no nearby street. ,,https://www.hmdb.org/m.asp?m=43224,6/7/2011,2/21/2026
43227,C3,Swope Park,,,,Kansas City International Airport,39.31665,-94.69869,,Kansas City,,Platte County,Missouri,64153,It can be reached from no nearby street. ,,https://www.hmdb.org/m.asp?m=43227,6/7/2011,6/18/2022
43230,C4,Thomas Hart Benton,,,,Kansas City International Airport,39.31776,-94.69817,,Kansas City,,Platte County,Missouri,64153,It can be reached from no nearby street. ,,https://www.hmdb.org/m.asp?m=43230,6/7/2011,11/27/2025
43231,C5,The Garment District,,,,Kansas City International Airport,39.31838,-94.69789,,Kansas City,,Platte County,Missouri,64153,It can be reached from no nearby street. ,,https://www.hmdb.org/m.asp?m=43231,6/7/2011,5/13/2025
43232,C6,On The River,,,,Kansas City International Airport,39.31810,-94.69664,,Kansas City,,Platte County,Missouri,64153,It can be reached from no nearby street. ,,https://www.hmdb.org/m.asp?m=43232,6/7/2011,6/7/2011
43233,C7,Lewis and Clark,,,,Kansas City International Airport,39.31732,-94.69700,,Kansas City,,Platte County,Missouri,64153,It can be reached from no nearby street. ,,https://www.hmdb.org/m.asp?m=43233,6/8/2011,6/5/2022
43234,C8,Sweet Tooth,,,,Kansas City International Airport,39.31711,-94.69579,,Kansas City,,Platte County,Missouri,64153,It can be reached from no nearby street. ,,https://www.hmdb.org/m.asp?m=43234,6/8/2011,6/18/2022
43235,C9,One of KC's Oldest,,,,Kansas City International Airport,39.31783,-94.69547,,Kansas City,,Platte County,Missouri,64153,It can be reached from North Winan Avenue. ,,https://www.hmdb.org/m.asp?m=43235,6/8/2011,12/17/2024
43236,C10,City of Fountains,,,,Kansas City International Airport,39.31666,-94.69461,,Kansas City,,Platte County,Missouri,64153,It can be reached from no nearby street. ,,https://www.hmdb.org/m.asp?m=43236,6/8/2011,6/12/2022
43253,C11,Heart of the Nation,,,,Kansas City International Airport,39.31600,-94.69492,,Kansas City,,Platte County,Missouri,64153,It can be reached from no nearby street. ,,https://www.hmdb.org/m.asp?m=43253,6/8/2011,6/13/2022
44501,,Weston Veterans Memorial,To All Who Served - Some Gave All,Lest We Forget,1998,American Legion Post 501,39.42160,-94.89576,18204 Library Drive,Weston,,Platte County,Missouri,64098,"It is at the intersection of Missouri Route 45/273 and Library Drive, on the right when traveling north on Missouri Route 45/273.",,https://www.hmdb.org/m.asp?m=44501,7/10/2011,7/10/2011
44503,,Weston,,,,Platte County Historical Society,39.41182,-94.90315,,Weston,,Platte County,Missouri,64098,"It is on Thomas Street near Blackhawk Street, on the right when traveling east. ",,https://www.hmdb.org/m.asp?m=44503,7/10/2011,12/6/2022
44506,,"Weston, Missouri, Jail",1911,Weston Historic District,,,39.41164,-94.90253,724 Thomas Street,Weston,,Platte County,Missouri,64098,"It is on Thomas Street near Blackhawk Street, on the left when traveling east. ",,https://www.hmdb.org/m.asp?m=44506,7/10/2011,7/3/2022
44509,,"Weston, Missouri",Established 1837,,,City of Weston,39.40922,-94.90328,,Weston,,Platte County,Missouri,64098,"It is on Main Street, on the left when traveling south. ",,https://www.hmdb.org/m.asp?m=44509,7/10/2011,6/7/2026
44517,,The Lewis and Clark Expedition,,,,"National Park Service, U.S. Department of the Interior",39.40924,-94.90327,,Weston,,Platte County,Missouri,64098,"It is on Main Street, on the left when traveling south. ",,https://www.hmdb.org/m.asp?m=44517,7/10/2011,6/5/2022
44520,,Lewis & Clark Campsite,,,,,39.40923,-94.90330,,Weston,,Platte County,Missouri,64098,"It is on Main Street, on the left when traveling south. ",,https://www.hmdb.org/m.asp?m=44520,7/10/2011,7/10/2011
44521,,"""Bear Medison Island""","Monday, July 2, 1804 [and] Sunday, September 14, 1806",,,"St. Joseph Museum, Platte County Visitors Bureau, and The Native Sons of Greater Kansas City.",39.40925,-94.90328,,Weston,,Platte County,Missouri,64098,"It is on Main Street, on the left when traveling south. ",,https://www.hmdb.org/m.asp?m=44521,7/11/2011,7/11/2011
44522,8,"""Hell's Half Acre""",Market Street,,,The Historic Weston Experience - Preserve America,39.41082,-94.90317,725 Market Street,Weston,,Platte County,Missouri,64098,"It is on Market Street near Blackhawk Street, on the left when traveling west. ",,https://www.hmdb.org/m.asp?m=44522,7/11/2011,7/6/2022
44528,,Yocum-Benner Buildings,1860,Weston Historic District 1837,,,39.41078,-94.90215,407 Main Street,Weston,,Platte County,Missouri,64098,"It is on Main Street near Market Street, on the right when traveling south. ",,https://www.hmdb.org/m.asp?m=44528,7/11/2011,7/6/2022
44529,,Doppler Building,1856,Weston Historic District 1837,,,39.41108,-94.90187,415 Main Street,Weston,,Platte County,Missouri,64098,"It is on Main Street near Thomas Street, on the right when traveling south. ",,https://www.hmdb.org/m.asp?m=44529,7/11/2011,7/6/2022
44530,,Mitchell Building,1844,Weston Historic District 1837,,,39.41136,-94.90196,706 Thomas Street,Weston,,Platte County,Missouri,64098,"It is on Thomas Street near Main Street, on the left when traveling east. ",,https://www.hmdb.org/m.asp?m=44530,7/11/2011,7/6/2022
44531,,St. George Hotel,1847,Weston Historic District 1837,,,39.41125,-94.90150,500 Main Street,Weston,,Platte County,Missouri,64098,"It is at the intersection of Main Street and Thomas Street, on the left when traveling south on Main Street. ",,https://www.hmdb.org/m.asp?m=44531,7/11/2011,7/6/2022
44532,,Kaufmann Building,1854,Weston Historic District 1837,,,39.41157,-94.90123,518 Main Street,Weston,,Platte County,Missouri,64098,"It is on Main Street near Short Street, on the left when traveling south. ",,https://www.hmdb.org/m.asp?m=44532,7/11/2011,7/6/2022
44533,,How Building,1848,Weston Historic District 1837,,,39.41170,-94.90136,523 Main Street,Weston,,Platte County,Missouri,64098,"It is on Main Street near Short Street, on the right when traveling south. ",,https://www.hmdb.org/m.asp?m=44533,7/11/2011,7/6/2022
44538,,Bechler Building,1845,Weston Historic District 1837,,,39.41175,-94.90132,525 Main Street,Weston,,Platte County,Missouri,64098,"It is on Main Street near Short Street, on the right when traveling south. ",,https://www.hmdb.org/m.asp?m=44538,7/11/2011,7/6/2022
44539,,Corner Building,1845,Weston Historic District,,,39.41180,-94.90130,527 Main Street,Weston,,Platte County,Missouri,64098,"It is at the intersection of Main Street and Short Street, on the right when traveling south on Main Street. ",,https://www.hmdb.org/m.asp?m=44539,7/11/2011,7/6/2022
44542,,United Methodist Church,1859,Weston Historic District,,,39.41194,-94.90116,533 Main Street,Weston,,Platte County,Missouri,64098,"It is at the intersection of Main Street and Short Street, on the right when traveling south on Main Street. ",,https://www.hmdb.org/m.asp?m=44542,7/11/2011,7/6/2022
44543,,Cody House,1845,Weston Historic District,,,39.41173,-94.90091,528 Main Street,Weston,,Platte County,Missouri,64098,"It is at the intersection of Short Street and Main Street, on the left when traveling east on Short Street. ",,https://www.hmdb.org/m.asp?m=44543,7/11/2011,7/6/2022
44544,,Parr Building,1853,Weston Historic District 1837,,,39.41162,-94.90119,522 Main Street,Weston,,Platte County,Missouri,64098,"It is on Main Street near Short Street, on the left when traveling south. ",,https://www.hmdb.org/m.asp?m=44544,7/11/2011,7/6/2022
44545,,Presbyterian Church,1844,Weston Historic District,,,39.41241,-94.90395,501 Washington Street,Weston,,Platte County,Missouri,64098,"It is at the intersection of Washington Street and Thomas Street, on the left when traveling north on Washington Street. ",,https://www.hmdb.org/m.asp?m=44545,7/12/2011,7/6/2022
44546,,Weston Christian Church,1906,Weston Historic District 1837,,,39.41338,-94.90291,540 Washington Street,Weston,,Platte County,Missouri,64098,"It is at the intersection of Washington Street and Spring Street, on the left when traveling south on Washington Street. ",,https://www.hmdb.org/m.asp?m=44546,7/12/2011,7/6/2022
44565,,The Lewis and Clark Expedition,,,,"National Park Service, U.S. Department of the Interior",39.45790,-94.96960,,Iatan,,Platte County,Missouri,64098,"It is on Missouri Route 45/273 near the Iatan Power Plant Access Road, on the left when traveling north.",,https://www.hmdb.org/m.asp?m=44565,7/12/2011,6/6/2022
44567,,Cow Island,,,,"the St. Joseph Museum, Platte County Vistors Bureau, and The Native Sons of Greater Kansas City",39.45790,-94.96960,,Iatan,,Platte County,Missouri,64098,"It is on Missouri Route 45/273 near the Iatan Power Plant Access Road, on the left when traveling north.",,https://www.hmdb.org/m.asp?m=44567,7/12/2011,6/6/2022
63521,,Platte City,William McClung Paxton,,2004,Native Sons and Daughters of Greater Kansas City,39.37024,-94.78372,,Platte City,,Platte County,Missouri,64079,"It is at the intersection of Main Street and 1st Street, on the right when traveling west on Main Street.",,https://www.hmdb.org/m.asp?m=63521,2/24/2013,2/24/2013
63522,,Guy B. Park,,,,Platte County Historical Society,39.37064,-94.78017,328 Main Street,Platte City,,Platte County,Missouri,64079,"It is at the intersection of Main Street and 4th Street, on the left when traveling east on Main Street.",,https://www.hmdb.org/m.asp?m=63522,2/24/2013,6/6/2022
63523,,Veterans Memorial,Lest We Forget,Duty • Honor • Country,2006,Veterans of Foreign Wars Post 4055 and Platte County,39.37056,-94.78057,328 Main Street,Platte City,,Platte County,Missouri,64079,"It is at the intersection of Main Street and 3rd Street, on the left when traveling east on Main Street.",,https://www.hmdb.org/m.asp?m=63523,2/24/2013,2/24/2013
64391,,Former Site of Red Crown Tavern and Tourist Cabins,,,,Platte County Historical Society,39.31241,-94.68267,"12200 N Ambassador Dr, Kansas City, MO",Ferrelview,,Platte County,Missouri,64163,"It is at the intersection of N Ambassador Drive and Cookingham Drive, on the left when traveling east on N Ambassador Drive. ",,https://www.hmdb.org/m.asp?m=64391,8/13/2013,11/23/2024
65993,,Parkville,,,,Platte County Historical Society,39.18909,-94.68293,,Parkville,,Platte County,Missouri,64152,"It is at the intersection of 1st Street (Missouri Route 9) and East Street ( Route 9), in the median on 1st Street. <font color=red> Reported permanently removed.</font>",Confirmed Missing,https://www.hmdb.org/m.asp?m=65993,6/15/2013,9/21/2023
65995,,Park Bank - Farmers Exchange Bank,1917,,,Historic Parkville,39.18913,-94.68319,12 East 1st Street,Parkville,,Platte County,Missouri,64152,"It is at the intersection of 1st Street and East Street ( Route 9), on the left when traveling east on 1st Street.",,https://www.hmdb.org/m.asp?m=65995,6/15/2013,10/5/2022
65997,,Attack on the Paw Paw Fort,Missouri's Civil War 1861 - 1865,The Struggle for Platte County,2009,"Missouri's Civil War Heritage Foundation, Inc., and Sons of Confederate Veterans",39.18842,-94.68182,8701 NW River Park Drive,Parkville,,Platte County,Missouri,64152,"It is on NW River Park Drive (Missouri Route 9) 0.1 miles east of East Street, on the right when traveling east. <font color=red> Reported permanently removed.</font>",Confirmed Missing,https://www.hmdb.org/m.asp?m=65997,6/15/2013,10/5/2022
66465,,Platte County,,,1955,State Historical Society of Missouri and State Highway Commission,39.47619,-94.78804,,Platte City,,Platte County,Missouri,64079,"It is on Interstate 29, on the right when traveling south.",,https://www.hmdb.org/m.asp?m=66465,7/4/2013,6/6/2022
73531,,Renner Village Site,23PL1,,1987,,39.17577,-94.61508,3900 NW Vivion Road,Riverside,,Platte County,Missouri,64150,"It is at the intersection of NW Vivion Road and NW High Drive, on the left when traveling south on NW Vivion Road. ",,https://www.hmdb.org/m.asp?m=73531,5/8/2014,5/8/2014
77143,,Timeline of Weston History,,,2012,Town of Weston and the Weston Historical Museum. Panels were designed by Mary Jo Heidrick.,39.41168,-94.90104,526 Main Street,Weston,,Platte County,Missouri,64098,"It is at the intersection of Main Street and Short Street, on the left when traveling south on Main Street. ",,https://www.hmdb.org/m.asp?m=77143,9/15/2014,3/23/2025
77145,,Benjamin Wood House,1845,Weston Historic District 1837,,,39.41142,-94.90020,618 Short Street,Weston,,Platte County,Missouri,64098,"It is at the intersection of Short Street and Welt Street, on the left when traveling east on Short Street. ",,https://www.hmdb.org/m.asp?m=77145,9/15/2014,7/3/2022
77293,,Laurel Hill Cemetery,,,2014,Platte County Outreach Grant Program and the Weston Community Theatre,39.41440,-94.89773,,Weston,,Platte County,Missouri,64098,"It is on Welt Street, on the left when traveling north. ",,https://www.hmdb.org/m.asp?m=77293,9/19/2014,9/19/2014
77294,,Laurel Hill Cemetery,,,2014,Platte County Outreach Grant Program and the Weston Community Theatre,39.41476,-94.89754,,Weston,,Platte County,Missouri,64098,It can be reached from Welt Street. ,,https://www.hmdb.org/m.asp?m=77294,9/19/2014,9/19/2014
77295,,Laurel Hill Cemetery,,,2014,Platte County Outreach Grant Program and the Weston Community Theatre,39.41495,-94.89759,,Weston,,Platte County,Missouri,64098,It can be reached from Welt Street. ,,https://www.hmdb.org/m.asp?m=77295,9/19/2014,6/7/2026
77296,,Laurel Hill Cemetery,,,2014,Platte County Outreach Grant Program and the Weston Community Theatre,39.41509,-94.89769,,Weston,,Platte County,Missouri,64098,It can be reached from Welt Street. ,,https://www.hmdb.org/m.asp?m=77296,9/19/2014,9/19/2014
77297,,Laurel Hill Cemetery,,,2014,Platte County Outreach Grant Program and the Weston Community Theatre,39.41523,-94.89794,,Weston,,Platte County,Missouri,64098,It can be reached from Main Street. ,,https://www.hmdb.org/m.asp?m=77297,9/19/2014,9/19/2014
149313,B1,Tribal Heritage,,,,Kansas City International Airport,39.31566,-94.70260,,Kansas City,,Platte County,Missouri,64153,It can be reached from no nearby street. ,,https://www.hmdb.org/m.asp?m=149313,5/4/2020,6/14/2022
196085,B12,KC: On Flight,,,,Kansas City International Airport,39.31370,-94.70262,,Kansas City,,Platte County,Missouri,64153,It can be reached from no nearby street. ,,https://www.hmdb.org/m.asp?m=196085,4/24/2022,4/24/2022
196103,C1,KC's Baseball Story,,,,Kansas City International Airport,39.31451,-94.70108,,Kansas City,,Platte County,Missouri,64153,It can be reached from North Winan Avenue. ,,https://www.hmdb.org/m.asp?m=196103,4/27/2022,6/14/2022
252141,47,The Town of Barry,,,2018,The Native Sons and Daughters of Greater Kansas City • Kansas City Parks and Recreation,39.25391,-94.60660,2100 NW 87th Ter,Kansas City,Barry,Platte County,Missouri,64154,"It can be reached from Northwest 87th Terrace east of Northwest 88th Street/Northwest Old Stagecoach Rd, on the left when traveling east. <font color=red> Reported missing.</font>",Confirmed Missing,https://www.hmdb.org/m.asp?m=252141,7/24/2024,8/4/2024
254872,,USS Platte Anchor,,,2015,"Board of Alderman, Platte City",39.37024,-94.78374,North 1st Street,Platte City,,Platte County,Missouri,64079,"It can be reached from North First Street near Main Street, on the left when traveling north. ",,https://www.hmdb.org/m.asp?m=254872,8/22/2024,8/22/2024
302066,,The Dinah Robinson Courtyard,Weston City Park,,2021,"Black Ancestors Awareness Campaign of Weston, Weston Historical Museum, and Platte County Parks & Rec",39.41199,-94.90155,,Weston,,Platte County,Missouri,64098,"It is at the intersection of Main Street and Short Street, on the right when traveling south on Main Street. ",,https://www.hmdb.org/m.asp?m=302066,6/7/2026,6/7/2026
302067,,Weston Burley House #1,,,,,39.41015,-94.90277,357 Main Street,Weston,,Platte County,Missouri,64098,"It is on Main Street south of Market Street, on the right when traveling south. ",,https://www.hmdb.org/m.asp?m=302067,6/7/2026,6/7/2026
302070,,"Weston, Missouri",Established 1837,,,City of Weston,39.40663,-94.88119,,Weston,,Platte County,Missouri,64098,"It is on County Road JJ 1 mile west of State Highway 45/273, on the left when traveling west.",,https://www.hmdb.org/m.asp?m=302070,6/7/2026,6/7/2026
